https://www.trendyol.com/trendyolmilla/siyah-bol-paca-pantolon-twoaw21pl0076-p-45642883, [32, 40, 44]
https://www.trendyol.com/vatkali/cross-palazzo-pantolon-gri-p-55479686, [34, 36]
https://www.trendyol.com/vatkali/pileli-palazzo-pantolon-bej-p-88914242, [36, 40]
https://www.trendyol.com/trendyolmilla/siyah-yuksek-bel-wide-leg-jeans-twoaw21je0099-p-43546695, [34, 40, 44]
https://www.trendyol.com/wazze/indigo-dugme-kapamali-trenckot-p-210450526, [40, 46]
https://www.trendyol.com/trendyolmilla/siyah-crop-bluz-twoss21bz0236-p-77763676, [38, 42]
https://www.trendyol.com/trendyolmilla/mavi-yirtmacli-yuksek-bel-slim-flare-jeans-twoaw22je0382-p-131280787, [32, 42]
https://www.trendyol.com/trendyolmilla/mavi-bel-detayli-yuksek-bel-90-s-wide-leg-jeans-twoss21je0385-p-79838352, [34, 42]
https://www.trendyol.com/laria-jeans/lando-mavi-denim-jean-p-143933130, [40, 46]
https://www.trendyol.com/cedy-denim/kadin-mom-acik-mavi-yuksek-bel-boyfriend-jean-c599-p-111859245, [34, 36, 38]
